,ISO,period,country_x,Cost of service is too high,Cost of the equipment is too high,Cultural reasons,Do not need the Internet,Have access to the Internet elsewhere,Internet service is available but it does not correspond to household needs,Internet service is not available in the area,No electricity in the household,Other reason,Privacy or security concerns,Individuals using the Internet (% of population),2G Wireless Access
0,ALB,2013,,,,,,,,,,,,,
1,ALB,2014,,,,,,,,,,,,,
2,ALB,2015,,,,,,,,,,,,,
3,ALB,2016,,,,,,,,,,,,,
4,ALB,2017,,,,,,,,,,,,,
5,ALB,2018,,,,,,,,,,,,,
6,ALB,2019,Albania,23.7877,25.0903,,23.2922,3.10713,,3.42097,,64.9737,1.02433,68.55039112,99.86
7,ALB,2020,Albania,21.8349,23.7921,,24.7653,2.15445,,4.08444,,0.414735,1.02433,72.23767711,99.86
8,ALB,2021,Albania,25.3933,25.2258,,23.2022,5.21645,,5.81553,,1.66301,0.306197,79.32371752,99.86
9,ALB,2022,Albania,46.9932,43.6586,,32.9005,2.62873,,6.77953,,17.572,6.77953,82.61368583,100.0
10,ARE,2013,,,,,,,,,,,,,
11,ARE,2014,,,,,,,,,,,,,
12,ARE,2015,,,,,,,,,,,,,
13,ARE,2016,United Arab Emirates,334.185,239.885,16.5435,797.41,708.073,41.3587,47.9777,,62.8668,71.1385,90.60000732,100.0
14,ARE,2017,United Arab Emirates,334.185,239.885,16.5435,797.41,708.073,41.3587,47.9777,,62.8668,71.1385,90.60000732,100.0
15,ARE,2018,United Arab Emirates,76.2,81.0,38.1,4.8,19.0,41.3587,47.9777,,4.2,47.6,98.45000178,100.0
16,ARE,2019,United Arab Emirates,75.438,80.19,37.719,4.752,18.81,41.3587,47.9777,,4.158,47.124,99.14999796,100.0
17,ARE,2020,United Arab Emirates,18.9972,9.49859,37.719,33.295,71.3894,41.3587,47.9777,,9.49859,4.79929,100.0,100.0
18,ARE,2021,United Arab Emirates,18.8099,9.40497,37.719,29.9699,74.9698,41.3587,47.9777,,9.40497,4.75199,100.0,100.0
19,ARE,2022,United Arab Emirates,18.8099,9.40497,37.719,29.9699,74.9698,41.3587,47.9777,,9.40497,4.75199,100.0,100.0
20,ARM,2013,,,,,,,,,,,,,
21,ARM,2014,,,,,,,,,,,,,
22,ARM,2015,,,,,,,,,,,,,
23,ARM,2016,Armenia,60.2527,,,,,,,,39.7626,,64.34602977,100.0
24,ARM,2017,Armenia,60.2527,,,,,,,,39.7626,,64.34602977,100.0
25,ARM,2018,Armenia,60.2527,,,,,,,,39.7626,,64.34602977,100.0
26,ARM,2019,Armenia,60.2527,,,,,,,,39.7626,,64.34602977,100.0
27,ARM,2020,Armenia,60.2527,,,,,,,,39.7626,,64.34602977,100.0
28,ARM,2021,Armenia,60.2527,,,,,,,,39.7626,,64.34602977,100.0
29,ARM,2022,Armenia,60.2527,,,,,,,,39.7626,,64.34602977,100.0
30,AUS,2013,,,,,,,,,,,,,
31,AUS,2014,,,,,,,,,,,,,
32,AUS,2015,Australia,,15.7616,,62.4875,,,,,10.5412,3.37248,84.56051491,99.0
33,AUS,2016,Australia,,15.7616,,62.4875,,,,,10.5412,3.37248,84.56051491,99.0
34,AUS,2017,Australia,,15.7616,,62.4875,,,,,10.5412,3.37248,84.56051491,99.0
35,AUS,2018,Australia,,15.7616,,62.4875,,,,,10.5412,3.37248,84.56051491,99.0
36,AUS,2019,Australia,,15.7616,,62.4875,,,,,10.5412,3.37248,84.56051491,99.0
37,AUS,2020,Australia,,15.7616,,62.4875,,,,,10.5412,3.37248,84.56051491,99.0
38,AUS,2021,Australia,,15.7616,,62.4875,,,,,10.5412,3.37248,84.56051491,99.0
39,AUS,2022,Australia,,15.7616,,62.4875,,,,,10.5412,3.37248,84.56051491,99.0
40,AUT,2013,Austria,3.51399,2.82611,,,,,,,,,80.6188,99.0
41,AUT,2014,Austria,3.51399,2.82611,,,,,,,,,80.6188,99.0
42,AUT,2015,Austria,3.51399,2.82611,,,,,,,,,80.6188,99.0
43,AUT,2016,Austria,12.6167,11.4507,,78.7018,11.6886,,2.12558,,3.37801,5.2034,84.32374257,99.0
44,AUT,2017,Austria,9.46484,9.84845,,80.8059,12.1255,,1.04493,,4.56075,9.69819,87.93558659,99.0
45,AUT,2018,Austria,9.46484,9.84845,,80.8059,12.1255,,1.04493,,4.56075,9.69819,87.93558659,99.0
46,AUT,2019,Austria,9.46484,9.84845,,80.8059,12.1255,,1.04493,,4.56075,9.69819,87.93558659,99.0
47,AUT,2020,Austria,9.46484,9.84845,,80.8059,12.1255,,1.04493,,4.56075,9.69819,87.93558659,99.0
48,AUT,2021,Austria,9.46484,9.84845,,80.8059,12.1255,,1.04493,,4.56075,9.69819,87.93558659,99.0
49,AUT,2022,Austria,9.46484,9.84845,,80.8059,12.1255,,1.04493,,4.56075,9.69819,87.93558659,99.0
50,AZE,2013,,,,,,,,,,,,,
51,AZE,2014,,,,,,,,,,,,,
52,AZE,2015,,,,,,,,,,,,,
53,AZE,2016,,,,,,,,,,,,,
54,AZE,2017,Azerbaijan,7.4579,38.1358,1.93858,10.7617,12.5026,1.12754,0.850573,,0.420157,4.64887,79.0,100.0
55,AZE,2018,Azerbaijan,7.45796,38.1358,1.93867,10.7616,12.5025,1.1276,0.850643,,0.420157,4.64886,79.79999549,100.0
56,AZE,2019,Azerbaijan,8.35788,40.7001,2.58337,12.3995,13.9794,1.22492,1.80002,,13.4179,5.53695,81.09999907,100.0
57,AZE,2020,Azerbaijan,11.2999,9.79988,7.60006,37.3999,5.89994,6.60006,7.60006,,10.5003,3.29988,84.59999573,100.0
58,AZE,2021,Azerbaijan,11.7,8.69983,7.09985,47.1999,5.79989,3.49998,7.39987,,6.52762,2.07301,86.0,100.0
59,AZE,2022,Azerbaijan,11.7,8.69983,7.09985,47.1999,5.79989,3.49998,7.39987,,6.52762,2.07301,86.0,100.0
60,BEL,2013,Belgium,6.2204,3.79731,,,,,,,,,82.1702,99.9
61,BEL,2014,Belgium,6.2204,3.79731,,,,,,,,,82.1702,99.9
62,BEL,2015,Belgium,6.2204,3.79731,,,,,,,,,82.1702,99.9
63,BEL,2016,Belgium,20.1221,24.6835,,41.8372,10.9732,,0.611939,,,7.98851,86.51647666,100.0
64,BEL,2017,Belgium,16.053,20.511,,35.2723,10.6768,,0.17307,,,5.9319,87.67968082,100.0
65,BEL,2018,Belgium,16.053,20.511,,35.2723,10.6768,,0.17307,,,5.9319,87.67968082,100.0
66,BEL,2019,Belgium,17.5014,22.2119,7.95109,48.2107,11.0082,0.216514,0.17307,,18.9319,10.6483,90.27542801,100.0
67,BEL,2020,Belgium,16.6433,18.9758,6.10101,46.1185,10.2844,0.216514,1.11012,,54.1746,9.51974,91.52641629,100.0
68,BEL,2021,Belgium,20.6055,22.438,5.64869,35.3804,10.5516,0.216514,1.11012,,56.1327,9.2085,92.78867618,100.0
69,BEL,2022,Belgium,22.2047,23.4661,5.95835,41.5521,7.97331,0.216514,1.11012,,49.4469,9.08019,94.00783071,100.0
70,BGD,2013,,,,,,,,,,,,,
71,BGD,2014,,,,,,,,,,,,,
72,BGD,2015,,,,,,,,,,,,,
73,BGD,2016,,,,,,,,,,,,,
74,BGD,2017,,,,,,,,,,,,,
75,BGD,2018,,,,,,,,,,,,,
76,BGD,2019,,,,,,,,,,,,,
77,BGD,2020,,,,,,,,,,,,,
78,BGD,2021,Bangladesh,49.0455,35.5694,0.265477,64.2617,7.18304,8.04598,8.34788,0.30705,1.43259,2.70154,38.91744466,99.63
79,BGD,2022,Bangladesh,49.0455,35.5694,0.265477,64.2617,7.18304,8.04598,8.34788,0.30705,1.43259,2.70154,38.91744466,99.63
80,BGR,2013,Bulgaria,18.8483,9.23959,,,,,,,,,53.0615,99.99
81,BGR,2014,Bulgaria,18.8483,9.23959,,,,,,,,,53.0615,99.99
82,BGR,2015,Bulgaria,18.8483,9.23959,,,,,,,,,53.0615,99.99
83,BGR,2016,Bulgaria,25.2267,32.1005,,42.4687,4.2273,,1.06152,,7.34785,0.71462,59.82554766,99.99
84,BGR,2017,Bulgaria,21.9294,27.5218,,48.176,3.75902,,0.660868,,6.90963,0.773036,63.41010138,99.99
85,BGR,2018,Bulgaria,21.9294,27.5218,,48.176,3.75902,,0.660868,,6.90963,0.773036,63.41010138,99.99
86,BGR,2019,Bulgaria,24.1748,18.755,,50.0714,3.5816,,0.556295,,3.08181,0.450255,67.94698094,99.99
87,BGR,2020,Bulgaria,24.1748,18.755,,50.0714,3.5816,,0.556295,,3.08181,0.450255,67.94698094,99.99
88,BGR,2021,Bulgaria,24.1748,18.755,,50.0714,3.5816,,0.556295,,3.08181,0.450255,67.94698094,99.99
89,BGR,2022,Bulgaria,24.1748,18.755,,50.0714,3.5816,,0.556295,,3.08181,0.450255,67.94698094,99.99
90,BHR,2013,Bahrain,4.48523,3.98693,4.48523,6.47841,4.06989,,,,,0.249432,90.0000397,100.0
91,BHR,2014,Bahrain,23.6065,20.9839,23.6065,34.0969,21.4205,,,,,1.3128,90.50313348,99.0
92,BHR,2015,Bahrain,22.9639,8.88956,3.70482,34.0969,45.9277,1.47992,,,15.5542,1.47992,93.4783008,99.0
93,BHR,2016,Bahrain,6.15723,12.3419,3.07861,123.364,6.15723,6.15723,52.4189,,15.5542,40.1045,97.9999807,100.0
94,BHR,2017,Bahrain,6.15723,3.99152,16.0014,28.0113,12.0099,6.15723,3.99152,,60.0141,40.1045,95.87813575,100.0
95,BHR,2018,Bahrain,52.3826,3.99152,38.0872,90.4698,12.0099,6.15723,28.557,,60.0141,23.8255,98.64467258,100.0
96,BHR,2019,Bahrain,19.9721,19.9721,38.0872,60.0559,12.0099,6.15723,28.557,,60.0141,23.8255,99.70150438,100.0
97,BHR,2020,Bahrain,19.9721,19.9721,38.0872,60.0559,12.0099,6.15723,28.557,,60.0141,23.8255,99.70150438,100.0
98,BHR,2021,Bahrain,19.9721,19.9721,38.0872,60.0559,12.0099,6.15723,28.557,,60.0141,23.8255,99.70150438,100.0
99,BHR,2022,Bahrain,19.9721,19.9721,38.0872,60.0559,12.0099,6.15723,28.557,,60.0141,23.8255,99.70150438,100.0
100,BIH,2013,,,,,,,,,,,,,
101,BIH,2014,,,,,,,,,,,,,
102,BIH,2015,,,,,,,,,,,,,
103,BIH,2016,Bosnia and Herzegovina,6.20321,16.1539,,45.5384,0.648491,,1.14829,,9.34518,1.1056,60.25653543,100.0
104,BIH,2017,Bosnia and Herzegovina,24.6645,26.9146,,50.1002,3.81912,,2.04832,,47.1307,0.646749,64.89202051,100.0
105,BIH,2018,Bosnia and Herzegovina,24.6645,26.9146,,50.1002,3.81912,,2.04832,,47.1307,0.646749,64.89202051,100.0
106,BIH,2019,Bosnia and Herzegovina,8.38373,20.0303,,50.0863,7.96872,,1.35577,,32.2326,2.86911,69.94634763,100.0
107,BIH,2020,Bosnia and Herzegovina,11.5114,21.8476,,53.4252,8.14043,,1.66622,,3.53937,22.4346,73.21175294,100.0
108,BIH,2021,Bosnia and Herzegovina,8.00024,17.3597,,51.4254,9.99696,1.72258,1.34541,,1.35323,25.3825,75.67620138,100.0
109,BIH,2022,Bosnia and Herzegovina,8.00024,17.3597,,51.4254,9.99696,1.72258,1.34541,,1.35323,25.3825,75.67620138,100.0
110,BLR,2013,,,,,,,,,,,,,
111,BLR,2014,,,,,,,,,,,,,
112,BLR,2015,,,,,,,,,,,,,
113,BLR,2016,,,,,,,,,,,,,
114,BLR,2017,,,,,,,,,,,,,
115,BLR,2018,,,,,,,,,,,,,
116,BLR,2019,,,,,,,,,,,,,
117,BLR,2020,,,,,,,,,,,,,
118,BLR,2021,Belarus,3.3435,8.21317,3.02864,93.6862,10.9044,2.29885,,,4.9861,1.26773,86.88841196,99.9
119,BLR,2022,Belarus,2.98787,0.979011,3.13604,94.3698,9.89592,1.08619,0.341223,,3.81276,1.73291,89.50733148,99.9
120,BLZ,2013,,,,,,,,,,,,,
121,BLZ,2014,,,,,,,,,,,,,
122,BLZ,2015,,,,,,,,,,,,,
123,BLZ,2016,,,,,,,,,,,,,
124,BLZ,2017,,,,,,,,,,,,,
125,BLZ,2018,,,,,,,,,,,,,
126,BLZ,2019,,,,,,,,,,,,,
127,BLZ,2020,,,,,,,,,,,,,
128,BLZ,2021,Belize,42.2445,,,25.7316,,,,,32.0232,,61.9941698,98.0
129,BLZ,2022,Belize,42.2445,,,25.7316,,,,,32.0232,,61.9941698,98.0
130,BMU,2013,,,,,,,,,,,,,
131,BMU,2014,,,,,,,,,,,,,
132,BMU,2015,Bermuda,41.6729,33.3333,8.33961,24.9937,16.6792,16.6792,8.33961,,,16.6792,98.32360965,99.0
133,BMU,2016,Bermuda,28.1462,28.1462,12.5094,37.4906,15.6368,37.4906,12.5094,,,15.6368,98.0,99.68
134,BMU,2017,Bermuda,28.1462,28.1462,12.5094,37.4906,15.6368,37.4906,12.5094,,,15.6368,98.0,99.68
135,BMU,2018,Bermuda,28.1462,28.1462,12.5094,37.4906,15.6368,37.4906,12.5094,,,15.6368,98.0,99.68
136,BMU,2019,Bermuda,28.1462,28.1462,12.5094,37.4906,15.6368,37.4906,12.5094,,,15.6368,98.0,99.68
137,BMU,2020,Bermuda,28.1462,28.1462,12.5094,37.4906,15.6368,37.4906,12.5094,,,15.6368,98.0,99.68
138,BMU,2021,Bermuda,28.1462,28.1462,12.5094,37.4906,15.6368,37.4906,12.5094,,,15.6368,98.0,99.68
139,BMU,2022,Bermuda,28.1462,28.1462,12.5094,37.4906,15.6368,37.4906,12.5094,,,15.6368,98.0,99.68
140,BRA,2013,Brazil,21.2862,35.6052,3.78124,28.0389,6.88561,3.21293,6.74122,,,4.45053,51.04,
141,BRA,2014,Brazil,48.9899,46.7274,11.4992,56.8202,14.9914,3.21293,17.6664,,,12.4033,54.55100188,
142,BRA,2015,Brazil,48.9899,46.7274,11.4992,56.8202,14.9914,3.21293,17.6664,,,12.4033,54.55100188,
143,BRA,2016,Brazil,56.9093,43.486,36.7489,64.1642,30.0118,3.21293,26.9759,,38.6564,39.5775,60.87254007,95.61
144,BRA,2017,Brazil,58.9836,41.6894,37.3734,63.5108,31.3778,3.21293,28.31,,41.4741,40.3668,67.47128452,95.83
145,BRA,2018,Brazil,60.9034,39.2472,40.9834,65.4838,31.0069,3.21293,26.8186,,44.5665,44.0629,70.43428254,95.83
146,BRA,2019,Brazil,58.6191,40.4091,39.7598,69.1585,29.7989,3.21293,25.099,,48.7203,43.2524,73.91243991,91.22
147,BRA,2020,Brazil,67.3247,41.7564,42.4389,70.0194,36.7415,3.21293,32.0213,,50.1774,47.1188,81.34269353,90.27
148,BRA,2021,Brazil,61.3004,41.7564,34.3685,66.5841,26.364,3.21293,17.5496,,50.1774,40.7795,80.68989314,90.31
149,BRA,2022,Brazil,58.1027,41.7564,34.2299,63.6092,24.5118,3.21293,16.0199,,50.1774,38.8795,80.52775094,92.5
150,BRN,2013,,,,,,,,,,,,,
151,BRN,2014,,,,,,,,,,,,,
152,BRN,2015,,,,,,,,,,,,,
153,BRN,2016,Brunei Darussalam,223.996,,20.0023,32.0002,103.999,,75.9984,,75.9984,20.0023,90.0,98.74
154,BRN,2017,Brunei Darussalam,223.996,,20.0023,32.0002,103.999,,75.9984,,75.9984,20.0023,90.0,98.74
155,BRN,2018,Brunei Darussalam,46.5943,23.1749,20.0023,40.937,19.8232,24.6532,9.28474,,51.1968,8.05379,95.0,99.06
156,BRN,2019,Brunei Darussalam,46.5943,23.1749,20.0023,40.937,19.8232,24.6532,9.28474,,51.1968,8.05379,95.0,99.06
157,BRN,2020,Brunei Darussalam,46.5943,23.1749,20.0023,40.937,19.8232,24.6532,9.28474,,51.1968,8.05379,95.0,99.06
158,BRN,2021,Brunei Darussalam,46.5943,23.1749,20.0023,40.937,19.8232,24.6532,9.28474,,51.1968,8.05379,95.0,99.06
159,BRN,2022,Brunei Darussalam,46.5943,23.1749,20.0023,40.937,19.8232,24.6532,9.28474,,51.1968,8.05379,95.0,99.06
160,BTN,2013,,,,,,,,,,,,,
161,BTN,2014,,,,,,,,,,,,,
162,BTN,2015,,,,,,,,,,,,,
163,BTN,2016,,,,,,,,,,,,,
164,BTN,2017,,,,,,,,,,,,,
165,BTN,2018,,,,,,,,,,,,,
166,BTN,2019,,,,,,,,,,,,,
167,BTN,2020,,,,,,,,,,,,,
168,BTN,2021,Bhutan,21.3138,24.6584,1.92371,19.412,0.251394,7.5746,6.47065,0.163952,,0.961854,85.63688389,98.0
169,BTN,2022,Bhutan,21.3138,24.6584,1.92371,19.412,0.251394,7.5746,6.47065,0.163952,,0.961854,85.63688389,98.0
170,BWA,2013,,,,,,,,,,,,,
171,BWA,2014,Botswana,15.1345,18.8618,,16.3158,2.94116,,1.54833,,60.6112,0.242412,36.74474744,98.0
172,BWA,2015,Botswana,15.1345,18.8618,,16.3158,2.94116,,1.54833,,60.6112,0.242412,36.74474744,98.0
173,BWA,2016,Botswana,15.1345,18.8618,,16.3158,2.94116,,1.54833,,60.6112,0.242412,36.74474744,98.0
174,BWA,2017,Botswana,15.1345,18.8618,,16.3158,2.94116,,1.54833,,60.6112,0.242412,36.74474744,98.0
175,BWA,2018,Botswana,15.1345,18.8618,,16.3158,2.94116,,1.54833,,60.6112,0.242412,36.74474744,98.0
176,BWA,2019,Botswana,15.1345,18.8618,,16.3158,2.94116,,1.54833,,60.6112,0.242412,36.74474744,98.0
177,BWA,2020,Botswana,15.1345,18.8618,,16.3158,2.94116,,1.54833,,60.6112,0.242412,36.74474744,98.0
178,BWA,2021,Botswana,15.1345,18.8618,,16.3158,2.94116,,1.54833,,60.6112,0.242412,36.74474744,98.0
179,BWA,2022,Botswana,15.1345,18.8618,,16.3158,2.94116,,1.54833,,60.6112,0.242412,36.74474744,98.0
180,CHE,2013,Switzerland,,,0.31232,,,,,,,,86.34,100.0
181,CHE,2014,Switzerland,17.8672,17.8672,0.31232,82.952,9.72687,,,,,29.1694,87.4,100.0
182,CHE,2015,Switzerland,17.8672,17.8672,0.31232,82.952,9.72687,,,,,29.1694,87.4,100.0
183,CHE,2016,Switzerland,17.8672,17.8672,0.31232,82.952,9.72687,,,,,29.1694,87.4,100.0
184,CHE,2017,Switzerland,28.0509,31.4821,0.31232,74.3217,24.9626,,14.4276,,,32.7312,89.68614767,100.0
185,CHE,2018,Switzerland,28.0509,31.4821,0.31232,74.3217,24.9626,,14.4276,,,32.7312,89.68614767,100.0
186,CHE,2019,Switzerland,30.0907,30.33,0.31232,72.4092,24.6762,,11.8628,,,37.376,93.14608695,100.0
187,CHE,2020,Switzerland,30.0907,30.33,0.31232,72.4092,24.6762,,11.8628,,,37.376,93.14608695,100.0
188,CHE,2021,Switzerland,30.0907,30.33,0.31232,57.5616,24.6762,,11.8628,,,37.376,95.56937168,100.0
189,CHE,2022,Switzerland,30.0907,30.33,0.31232,57.5616,24.6762,,11.8628,,,37.376,95.56937168,100.0
190,CIV,2013,,,,,,,,,,,,,
191,CIV,2014,,,,,,,,,,,,,
192,CIV,2015,,,,,,,,,,,,,
193,CIV,2016,,,,,,,,,,,,,
194,CIV,2017,,,,,,,,,,,,,
195,CIV,2018,,,,,,,,,,,,,
196,CIV,2019,C么te d'Ivoire,26.5417,36.499,0.781289,15.4308,24.9198,0.835024,6.79449,6.99488,9.82013,1.26635,36.28895457,97.54
197,CIV,2020,C么te d'Ivoire,26.5417,36.499,0.781289,15.4308,24.9198,0.835024,6.79449,6.99488,9.82013,1.26635,36.28895457,97.54
198,CIV,2021,C么te d'Ivoire,26.5417,36.499,0.781289,15.4308,24.9198,0.835024,6.79449,6.99488,9.82013,1.26635,36.28895457,97.54
199,CIV,2022,C么te d'Ivoire,21.9163,30.7062,3.65389,35.114,11.0988,6.04104,11.6396,7.48063,22.2199,5.70364,35.47812105,97.8
200,COL,2013,Colombia,28.5474,1.39096,1.39096,17.0138,0.87101,1.39096,1.66453,,,1.39096,51.7,100.0
201,COL,2014,Colombia,43.6957,2.11922,1.39096,27.9279,2.12247,1.39096,2.73254,,,1.39096,52.57,100.0
202,COL,2015,Colombia,44.5457,2.11922,1.39096,32.4374,2.05612,1.39096,3.34902,,2.08149,0.242855,55.90497251,100.0
203,COL,2016,Colombia,46.2994,2.11922,1.39096,33.6964,2.07432,1.39096,4.70621,,1.70268,0.197853,58.13649357,100.0
204,COL,2017,Colombia,49.7158,2.11922,1.39096,30.1949,2.10452,1.39096,4.4728,,1.54175,0.105853,62.25988032,100.0
205,COL,2018,Colombia,50.6944,2.11922,1.39096,27.5989,1.96389,1.39096,7.73517,,1.14569,0.105853,64.12637682,100.0
206,COL,2019,Colombia,50.6944,2.11922,1.39096,27.5989,1.96389,1.39096,7.73517,,1.14569,0.105853,64.12637682,100.0
207,COL,2020,Colombia,50.6944,2.11922,1.39096,27.5989,1.96389,1.39096,7.73517,,1.14569,0.105853,64.12637682,100.0
208,COL,2021,Colombia,53.7792,2.11922,1.39096,26.9254,3.3274,1.39096,6.2368,,9.73118,0.105853,73.02837449,100.0
209,COL,2022,Colombia,52.5103,2.11922,1.39096,29.2282,2.81157,1.39096,5.18049,,10.2694,0.105853,72.79637704,100.0
210,CPV,2013,,,,,,,,,,,,,
211,CPV,2014,,,,,,,,,,,,,
212,CPV,2015,,,,,,,,,,,,,
213,CPV,2016,,,,,,,,,,,,,
214,CPV,2017,,,,,,,,,,,,,
215,CPV,2018,Cabo Verde,52.6463,56.8461,1.94739,33.301,9.31862,3.45975,8.60325,15.9294,0.954981,3.79069,59.5,99.34
216,CPV,2019,Cabo Verde,37.7084,43.5424,0.284139,18.6073,12.3865,0.383309,4.01811,4.3884,8.51055,3.79069,61.94339776,99.34
217,CPV,2020,Cabo Verde,37.7084,43.5424,0.284139,18.6073,12.3865,0.383309,4.01811,4.3884,8.51055,3.79069,61.94339776,99.34
218,CPV,2021,Cabo Verde,37.7084,43.5424,0.284139,18.6073,12.3865,0.383309,4.01811,4.3884,8.51055,3.79069,61.94339776,99.34
219,CPV,2022,Cabo Verde,37.7084,43.5424,0.284139,18.6073,12.3865,0.383309,4.01811,4.3884,8.51055,3.79069,61.94339776,99.34
220,CYP,2013,Cyprus,14.7265,13.8676,,,,,,,,,65.4548,99.98
221,CYP,2014,Cyprus,14.7265,13.8676,,,,,,,,,65.4548,99.98
222,CYP,2015,Cyprus,14.7265,13.8676,,,,,,,,,65.4548,99.98
223,CYP,2016,Cyprus,25.459,25.4706,,59.8866,16.4503,,2.36037,,12.3807,5.18326,75.9002054,99.98
224,CYP,2017,Cyprus,25.459,25.4706,,59.8866,16.4503,,2.36037,,12.3807,5.18326,75.9002054,99.98
225,CYP,2018,Cyprus,25.459,25.4706,,59.8866,16.4503,,2.36037,,12.3807,5.18326,75.9002054,99.98
226,CYP,2019,Cyprus,48.3763,52.7887,,79.4375,10.836,,2.49649,,0.264339,24.8824,86.06362996,99.98
227,CYP,2020,Cyprus,48.3763,52.7887,,79.4375,10.836,,2.49649,,0.264339,24.8824,86.06362996,99.98
228,CYP,2021,Cyprus,48.3763,52.7887,,79.4375,10.836,,2.49649,,0.264339,24.8824,86.06362996,99.98
229,CYP,2022,Cyprus,48.3763,52.7887,,79.4375,10.836,,2.49649,,0.264339,24.8824,86.06362996,99.98
230,CZE,2013,Czech Republic,9.11799,5.7009,,,,,,,,,74.1104,99.8
231,CZE,2014,Czech Republic,9.11799,5.7009,,,,,,,,,74.1104,99.8
232,CZE,2015,Czech Republic,9.11799,5.7009,,,,,,,,,74.1104,99.8
233,CZE,2016,Czech Republic,14.4448,23.1774,,75.9614,6.70758,,,,47.0009,4.5675,76.4811987,99.8
234,CZE,2017,Czech Republic,11.4344,18.3044,,79.9257,6.91928,0.0912575,,,47.0009,4.66862,78.71917285,99.8
235,CZE,2018,Czech Republic,11.4344,18.3044,,79.9257,6.91928,0.0912575,,,47.0009,4.66862,78.71917285,99.8
236,CZE,2019,Czech Republic,8.79108,12.0646,,80.6168,3.66004,0.365354,,,47.0009,3.94597,80.86694441,99.8
237,CZE,2020,Czech Republic,8.79108,12.0646,,80.6168,3.66004,0.365354,,,47.0009,3.94597,80.86694441,99.8
238,CZE,2021,Czech Republic,8.79108,12.0646,,80.6168,3.66004,0.365354,,,47.0009,3.94597,80.86694441,99.8
239,CZE,2022,Czech Republic,8.79108,12.0646,,80.6168,3.66004,0.365354,,,47.0009,3.94597,80.86694441,99.8
240,DEU,2013,Germany,4.4558,3.4432,,,,,,,,,84.17,99.0
241,DEU,2014,Germany,4.4558,3.4432,,,,,,,,,84.17,99.0
242,DEU,2015,Germany,4.4558,3.4432,,,,,,,,,84.17,99.0
243,DEU,2016,Germany,4.4558,3.4432,,,,,,,,,84.17,99.0
244,DEU,2017,Germany,4.4558,3.4432,,,,,,,,,84.17,99.0
245,DEU,2018,Germany,4.4558,3.4432,,,,,,,,,84.17,99.0
246,DEU,2019,Germany,4.4558,3.4432,,,,,,,,,84.17,99.0
247,DEU,2020,Germany,4.4558,3.4432,,,,,,,,,84.17,99.0
248,DEU,2021,Germany,4.4558,3.4432,,,,,,,,,84.17,99.0
249,DEU,2022,Germany,4.4558,3.4432,,,,,,,,,84.17,99.0
250,DNK,2013,,,,,,,,,,,,,
251,DNK,2014,,,,,,,,,,,,,
252,DNK,2015,,,,,,,,,,,,,
253,DNK,2016,,,,,,,,,,,,,
254,DNK,2017,Denmark,5.8453,4.3613,,50.325,9.5868,,1.29882,,22.3961,1.58226,97.09936216,100.0
255,DNK,2018,Denmark,5.8453,4.3613,,50.325,9.5868,,1.29882,,22.3961,1.58226,97.09936216,100.0
256,DNK,2019,Denmark,5.8453,4.3613,,50.325,9.5868,,1.29882,,22.3961,1.58226,97.09936216,100.0
257,DNK,2020,Denmark,5.8453,4.3613,,50.325,9.5868,,1.29882,,22.3961,1.58226,97.09936216,100.0
258,DNK,2021,Denmark,5.8453,4.3613,,50.325,9.5868,,1.29882,,22.3961,1.58226,97.09936216,100.0
259,DNK,2022,Denmark,5.8453,4.3613,,50.325,9.5868,,1.29882,,22.3961,1.58226,97.09936216,100.0
260,DZA,2013,,,,,,,,,,,,,
261,DZA,2014,,,,,,,,,,,,,
262,DZA,2015,,,,,,,,,,,,,
263,DZA,2016,,,,,,,,,,,,,
264,DZA,2017,,,,,,,,,,,,,
265,DZA,2018,Algeria,61.5624,60.2199,25.728,45.2124,8.13091,24.0145,26.465,,,20.0594,49.03846808,98.04
266,DZA,2019,Algeria,61.5624,60.2199,25.728,45.2124,8.13091,24.0145,26.465,,,20.0594,49.03846808,98.04
267,DZA,2020,Algeria,61.5624,60.2199,25.728,45.2124,8.13091,24.0145,26.465,,,20.0594,49.03846808,98.04
268,DZA,2021,Algeria,61.5624,60.2199,25.728,45.2124,8.13091,24.0145,26.465,,,20.0594,49.03846808,98.04
269,DZA,2022,Algeria,61.5624,60.2199,25.728,45.2124,8.13091,24.0145,26.465,,,20.0594,49.03846808,98.04
270,ECU,2013,,,,,,,,,,,,,
271,ECU,2014,,,,,,,,,,,,,
272,ECU,2015,,,,,,,,,,,,,
273,ECU,2016,,,,,,,,,,,,,
274,ECU,2017,Ecuador,,,,17.7225,,,5.31528,,76.9622,,55.8,97.08
275,ECU,2018,Ecuador,,,,17.7225,,,5.31528,,76.9622,,55.8,97.08
276,ECU,2019,Ecuador,,,,17.7225,,,5.31528,,76.9622,,55.8,97.08
277,ECU,2020,Ecuador,,,,17.7225,,,5.31528,,76.9622,,55.8,97.08
278,ECU,2021,Ecuador,,,,17.7225,,,5.31528,,76.9622,,55.8,97.08
279,ECU,2022,Ecuador,,,,17.7225,,,5.31528,,76.9622,,55.8,97.08
280,EGY,2013,,,,,,,,,,,,,
281,EGY,2014,Egypt,2.58724,3.08391,0.3883,2.36571,0.0341515,0.391291,92.8503,,,2.10176,33.89460391,99.8
282,EGY,2015,Egypt,12.2135,11.5934,3.79397,91.0904,0.729244,1.42054,1.38881,0.0471323,1.00259,1.47374,37.81938343,99.8
283,EGY,2016,Egypt,15.4747,16.4019,4.62978,93.992,0.165275,1.07327,1.57474,0.227537,0.15921,0.990727,41.24806709,99.8
284,EGY,2017,Egypt,17.0639,19.3359,5.08034,91.9825,0.69189,0.626614,0.584906,0.0804838,1.0174,0.32818,44.95020425,99.8
285,EGY,2018,Egypt,22.2856,23.0244,5.15614,96.0267,2.65356,1.78608,1.72531,0.105731,2.12611,3.86482,46.92433677,99.8
286,EGY,2019,Egypt,17.5247,15.2213,5.10846,93.0105,1.94938,2.24121,1.83919,0.186322,0.254875,3.72142,57.2828664,99.83
287,EGY,2020,Egypt,17.5247,15.2213,5.10846,93.0105,1.94938,2.24121,1.83919,0.186322,0.254875,3.72142,71.91420096,99.83
288,EGY,2021,Egypt,17.5247,15.2213,5.10846,93.0105,1.94938,2.24121,1.83919,0.186322,0.254875,3.72142,71.91420096,99.83
289,EGY,2022,Egypt,32.4539,32.3322,6.97173,62.5085,11.8671,3.43684,1.85978,0.0997392,0.758324,2.34952,72.19806524,99.85
290,ESP,2013,Spain,11.424,8.758,,,,,,,,,71.635,99.8
291,ESP,2014,Spain,11.424,8.758,,,,,,,,,71.635,99.8
292,ESP,2015,Spain,11.424,8.758,,,,,,,,,71.635,99.8
293,ESP,2016,Spain,20.7267,25.5522,,67.3681,10.3754,,2.27234,,50.0957,3.25743,80.56133294,99.8
294,ESP,2017,Spain,29.639,30.2618,,67.1233,13.405,,4.13933,,51.5007,7.393,84.6022457,99.8
295,ESP,2018,Spain,29.639,30.2618,,67.1233,13.405,,4.13933,,51.5007,7.393,84.6022457,99.8
296,ESP,2019,Spain,25.6609,27.4685,,74.1176,10.7762,,5.09822,,59.2128,10.2404,90.71866533,99.8
297,ESP,2020,Spain,25.6609,27.4685,,74.1176,10.7762,,5.09822,,59.2128,10.2404,90.71866533,99.8
298,ESP,2021,Spain,25.6609,25.655,,75.0133,3.44303,,4.44764,,59.2128,10.2404,93.89752157,99.8
299,ESP,2022,Spain,25.6609,25.655,,75.0133,3.44303,,4.44764,,59.2128,10.2404,93.89752157,99.8
300,EST,2013,Estonia,12.9911,10.7067,,,,,,,,,80.0043,99.99
301,EST,2014,Estonia,12.9911,10.7067,,,,,,,,,80.0043,99.99
302,EST,2015,Estonia,12.9911,10.7067,,,,,,,,,80.0043,99.99
303,EST,2016,Estonia,15.3034,18.3377,,70.8443,14.7757,,,,36.4116,,87.24023275,99.0
304,EST,2017,Estonia,10.0156,15.0235,,66.6667,10.6416,,,,22.5352,,88.10245687,100.0
305,EST,2018,Estonia,10.0156,15.0235,,66.6667,10.6416,,,,22.5352,,88.10245687,100.0
306,EST,2019,Estonia,10.0156,15.0235,,66.6667,10.6416,,,,22.5352,,88.10245687,100.0
307,EST,2020,Estonia,10.0156,15.0235,,66.6667,10.6416,,,,22.5352,,88.10245687,100.0
308,EST,2021,Estonia,10.0156,15.0235,,66.6667,10.6416,,,,22.5352,,88.10245687,100.0
309,EST,2022,Estonia,10.0156,15.0235,,66.6667,10.6416,,,,22.5352,,88.10245687,100.0
310,FIN,2013,Finland,3.68009,2.57168,,,,,,,,,91.5144,99.99
311,FIN,2014,Finland,3.68009,2.57168,,,,,,,,,91.5144,99.99
312,FIN,2015,Finland,3.68009,2.57168,,,,,,,,,91.5144,99.99
313,FIN,2016,Finland,3.68009,2.57168,,,,,,,,,91.5144,99.99
314,FIN,2017,Finland,3.68009,2.57168,,,,,,,,,91.5144,99.99
315,FIN,2018,Finland,3.68009,2.57168,,,,,,,,,91.5144,99.99
316,FIN,2019,Finland,3.68009,2.57168,,,,,,,,,91.5144,99.99
317,FIN,2020,Finland,3.68009,2.57168,,,,,,,,,91.5144,99.99
318,FIN,2021,Finland,3.68009,2.57168,,,,,,,,,91.5144,99.99
319,FIN,2022,Finland,3.68009,2.57168,,,,,,,,,91.5144,99.99
320,FRA,2013,France,8.0812,6.0009,,,,,,,,,81.9198,
321,FRA,2014,France,8.0812,6.0009,,,,,,,,,81.9198,
322,FRA,2015,France,8.0812,6.0009,,,,,,,,,81.9198,
323,FRA,2016,France,8.0812,6.0009,,,,,,,,,81.9198,
324,FRA,2017,France,8.0812,6.0009,,,,,,,,,81.9198,
325,FRA,2018,France,8.0812,6.0009,,,,,,,,,81.9198,
326,FRA,2019,France,26.0821,31.713,,16.9439,5.91804,,4.78037,,64.0868,14.0523,83.33974409,99.0
327,FRA,2020,France,26.0821,31.713,,16.9439,5.91804,,4.78037,,64.0868,14.0523,83.33974409,99.0
328,FRA,2021,France,26.0821,31.713,,16.9439,5.91804,,4.78037,,64.0868,14.0523,83.33974409,99.0
329,FRA,2022,France,26.0821,31.713,,16.9439,5.91804,,4.78037,,64.0868,14.0523,83.33974409,99.0
330,GBR,2013,United Kingdom,1.6464,1.3303,,,,,,,,,89.8441,99.7
331,GBR,2014,United Kingdom,1.6464,1.3303,,,,,,,,,89.8441,99.7
332,GBR,2015,United Kingdom,1.6464,1.3303,,,,,,,,,89.8441,99.7
333,GBR,2016,United Kingdom,1.6464,1.3303,,,,,,,,,89.8441,99.7
334,GBR,2017,United Kingdom,1.6464,1.3303,,,,,,,,,89.8441,99.7
335,GBR,2018,United Kingdom,1.6464,1.3303,,,,,,,,,89.8441,99.7
336,GBR,2019,United Kingdom,1.6464,1.3303,,,,,,,,,89.8441,99.7
337,GBR,2020,United Kingdom,1.6464,1.3303,,,,,,,,,89.8441,99.7
338,GBR,2021,United Kingdom,1.6464,1.3303,,,,,,,,,89.8441,99.7
339,GBR,2022,United Kingdom,1.6464,1.3303,,,,,,,,,89.8441,99.7
340,GEO,2013,,,,,,,,,,,,,
341,GEO,2014,,,,,,,,,,,,,
342,GEO,2015,,,,,,,,,,,,,
343,GEO,2016,Georgia,5.90666,6.25157,,0.772667,5.99202,,0.156549,,0.707779,,58.45928961,99.93
344,GEO,2017,Georgia,4.55512,3.33935,,1.16638,3.43372,,0.156549,,0.67347,0.242839,59.7055046,99.98
345,GEO,2018,Georgia,2.16343,2.89959,,0.886251,2.4816,,0.422161,,0.605476,0.195115,62.7179082,99.98
346,GEO,2019,Georgia,5.828,5.72487,,0.836128,6.16389,,1.10907,,0.466997,0.195115,68.84671356,99.98
347,GEO,2020,Georgia,4.29432,3.72003,,1.16885,3.50511,,2.4527,,0.252798,0.195115,72.53157487,99.98
348,GEO,2021,Georgia,4.29432,3.72003,,1.16885,3.50511,,2.4527,,0.252798,0.195115,72.53157487,99.98
349,GEO,2022,Georgia,4.29432,3.72003,,1.16885,3.50511,,2.4527,,0.252798,0.195115,72.53157487,99.98
350,GRC,2013,Greece,10.7864,6.41211,,,,,,,,,59.8663,99.9
351,GRC,2014,Greece,10.7864,6.41211,,,,,,,,,59.8663,99.9
352,GRC,2015,Greece,10.7864,6.41211,,,,,,,,,59.8663,99.9
353,GRC,2016,Greece,10.7864,6.41211,,,,,,,,,59.8663,99.9
354,GRC,2017,Greece,10.7864,6.41211,,,,,,,,,59.8663,99.9
355,GRC,2018,Greece,10.7864,6.41211,,,,,,,,,59.8663,99.9
356,GRC,2019,Greece,10.7864,6.41211,,,,,,,,,59.8663,99.9
357,GRC,2020,Greece,10.7864,6.41211,,,,,,,,,59.8663,99.9
358,GRC,2021,Greece,10.7864,6.41211,,,,,,,,,59.8663,99.9
359,GRC,2022,Greece,10.7864,6.41211,,,,,,,,,59.8663,99.9
360,HKG,2013,,,,,,,,,,,,,
361,HKG,2014,"Hong Kong, China",1.72315,,,1.01474,4.34616,,,,,,79.86627043,100.0
362,HKG,2015,"Hong Kong, China",1.72315,,,1.01474,4.34616,,,,,,79.86627043,100.0
363,HKG,2016,"Hong Kong, China",0.992025,,,0.602996,1.2838,,,,,,87.47941467,100.0
364,HKG,2017,"Hong Kong, China",0.992025,,,0.602996,1.2838,,,,,,87.47941467,100.0
365,HKG,2018,"Hong Kong, China",0.992025,,,0.602996,1.2838,,,,,,87.47941467,100.0
366,HKG,2019,"Hong Kong, China",0.992025,,,0.602996,1.2838,,,,,,87.47941467,100.0
367,HKG,2020,"Hong Kong, China",0.992025,,,0.602996,1.2838,,,,,,87.47941467,100.0
368,HKG,2021,"Hong Kong, China",0.992025,,,0.602996,1.2838,,,,,,87.47941467,100.0
369,HKG,2022,"Hong Kong, China",0.992025,,,0.602996,1.2838,,,,,,87.47941467,100.0
370,HRV,2013,Croatia,11.1926,8.76502,,,,,,,,,66.7476,100.0
371,HRV,2014,Croatia,11.1926,8.76502,,,,,,,,,66.7476,100.0
372,HRV,2015,Croatia,11.1926,8.76502,,,,,,,,,66.7476,100.0
373,HRV,2016,Croatia,50.5834,47.6967,,52.6361,12.2087,,15.0079,,12.276,11.6569,72.69726967,100.0
374,HRV,2017,Croatia,52.188,8.02135,,100.0,67.7513,,25.3673,,15.9311,55.7121,67.09619204,100.0
375,HRV,2018,Croatia,44.5562,43.3175,,57.4095,8.31822,,6.13074,,15.5272,20.7178,75.29462599,100.0
376,HRV,2019,Croatia,36.2147,34.9502,,66.4802,5.26543,,2.77861,,4.52808,22.9956,79.07978368,100.0
377,HRV,2020,Croatia,30.4687,32.261,,71.4367,10.2709,,10.43,,2.07123,21.3233,78.32090004,100.0
378,HRV,2021,Croatia,36.2061,31.9667,,84.9339,3.3498,,4.96772,,10.6786,13.7315,81.25396608,100.0
379,HRV,2022,Croatia,36.2061,31.9667,,84.9339,3.3498,,4.96772,,10.6786,13.7315,81.25396608,100.0
380,HUN,2013,Hungary,15.212,11.7059,,,,,,,,,72.6439,99.0
381,HUN,2014,Hungary,15.212,11.7059,,,,,,,,,72.6439,99.0
382,HUN,2015,Hungary,15.212,11.7059,,,,,,,,,72.6439,99.0
383,HUN,2016,Hungary,15.212,11.7059,,,,,,,,,72.6439,99.0
384,HUN,2017,Hungary,49.2649,55.7834,,69.586,16.566,,4.79455,,17.0505,24.5604,76.75054712,99.0
385,HUN,2018,Hungary,49.2649,55.7834,,69.586,16.566,,4.79455,,17.0505,24.5604,76.75054712,99.0
386,HUN,2019,Hungary,42.5133,47.6672,,67.7282,11.944,,6.63761,,17.0505,23.523,80.37169361,99.2
387,HUN,2020,Hungary,42.5133,47.6672,,67.7282,11.944,,6.63761,,17.0505,23.523,80.37169361,99.2
388,HUN,2021,Hungary,42.5133,47.6672,,67.7282,11.944,,6.63761,,17.0505,23.523,80.37169361,99.2
389,HUN,2022,Hungary,42.5133,47.6672,,67.7282,11.944,,6.63761,,17.0505,23.523,80.37169361,99.2
390,IRL,2013,Ireland,4.08547,3.00209,,,,,,,,,78.2477,99.0
391,IRL,2014,Ireland,4.08547,3.00209,,,,,,,,,78.2477,99.0
392,IRL,2015,Ireland,4.08547,3.00209,,,,,,,,,78.2477,99.0
393,IRL,2016,Ireland,4.08547,3.00209,,,,,,,,,78.2477,99.0
394,IRL,2017,Ireland,4.08547,3.00209,,,,,,,,,78.2477,99.0
395,IRL,2018,Ireland,4.08547,3.00209,,,,,,,,,78.2477,99.0
396,IRL,2019,Ireland,4.08547,3.00209,,,,,,,,,78.2477,99.0
397,IRL,2020,Ireland,4.08547,3.00209,,,,,,,,,78.2477,99.0
398,IRL,2021,Ireland,4.08547,3.00209,,,,,,,,,78.2477,99.0
399,IRL,2022,Ireland,4.08547,3.00209,,,,,,,,,78.2477,99.0
400,IRN,2013,Iran (Islamic Republic of),1.68055,7.09771,1.53783,44.4777,19.9255,0.884024,12.78,,,5.22486,29.95,94.0
401,IRN,2014,Iran (Islamic Republic of),1.68055,7.09771,1.53783,44.4777,19.9255,0.884024,12.78,,,5.22486,29.95,94.0
402,IRN,2015,Iran (Islamic Republic of),12.0367,13.5887,3.86977,64.1505,4.94533,1.2471,5.98511,,8.73234,4.20133,45.33497615,94.2
403,IRN,2016,Iran (Islamic Republic of),12.0367,13.5887,3.86977,64.1505,4.94533,1.2471,5.98511,,8.73234,4.20133,45.33497615,94.2
404,IRN,2017,Iran (Islamic Republic of),14.045,13.2263,5.45738,83.2042,1.62521,1.95346,6.74357,,18.092,5.9477,64.04397362,96.5
405,IRN,2018,Iran (Islamic Republic of),14.045,13.2263,5.45738,83.2042,1.62521,1.95346,6.74357,,18.092,5.9477,64.04397362,96.5
406,IRN,2019,Iran (Islamic Republic of),14.045,13.2263,5.45738,83.2042,1.62521,1.95346,6.74357,,18.092,5.9477,64.04397362,96.5
407,IRN,2020,Iran (Islamic Republic of),14.045,13.2263,5.45738,83.2042,1.62521,1.95346,6.74357,,18.092,5.9477,64.04397362,96.5
408,IRN,2021,Iran (Islamic Republic of),10.8859,13.4129,1.11812,65.9579,0.657772,1.02651,3.74871,,32.4067,1.97636,78.5957366,96.5
409,IRN,2022,Iran (Islamic Republic of),10.8859,13.4129,1.11812,65.9579,0.657772,1.02651,3.74871,,32.4067,1.97636,78.5957366,96.5
410,IRQ,2013,,,,,,,,,,,,,
411,IRQ,2014,,,,,,,,,,,,,
412,IRQ,2015,,,,,,,,,,,,,
413,IRQ,2016,,,,,,,,,,,,,
414,IRQ,2017,,,,,,,,,,,,,
415,IRQ,2018,,,,,,,,,,,,,
416,IRQ,2019,,,,,,,,,,,,,
417,IRQ,2020,,,,,,,,,,,,,
418,IRQ,2021,,,,,,,,,,,,,
419,IRQ,2022,Iraq,70.692,68.3475,24.7745,48.9485,25.1883,11.9566,6.44687,18.9094,2.27873,15.178,78.71561135,100.0
420,ITA,2013,,,,,,,,,,,,,
421,ITA,2014,,,,,,,,,,,,,
422,ITA,2015,,,,,,,,,,,,,
423,ITA,2016,,,,,,,,,,,,,
424,ITA,2017,Italy,10.2571,9.73609,,25.0374,8.5457,,2.91266,,59.9651,2.39675,63.077347,100.0
425,ITA,2018,Italy,10.2571,9.73609,,25.0374,8.5457,,2.91266,,59.9651,2.39675,63.077347,100.0
426,ITA,2019,Italy,10.2571,9.73609,,25.0374,8.5457,,2.91266,,59.9651,2.39675,63.077347,100.0
427,ITA,2020,Italy,8.04296,6.45526,,25.3409,7.56251,,1.65333,,64.1039,2.34436,70.48342785,100.0
428,ITA,2021,Italy,8.04296,6.45526,,25.3409,7.56251,,1.65333,,64.1039,2.34436,70.48342785,100.0
429,ITA,2022,Italy,8.04296,6.45526,,25.3409,7.56251,,1.65333,,64.1039,2.34436,70.48342785,100.0
430,JAM,2013,,,,,,,,,,,,,
431,JAM,2014,,,,,,,,,,,,,
432,JAM,2015,Jamaica,,30.651,,57.8578,13.4734,,10.7992,,,1.53047,42.22122119,100.0
433,JAM,2016,Jamaica,,36.4412,,44.767,9.52207,,9.66515,,,1.53047,44.36685637,100.0
434,JAM,2017,Jamaica,41.0366,24.8945,,42.0394,15.2607,3.76901,10.9788,,3.0865,4.07153,55.07206705,100.0
435,JAM,2018,Jamaica,41.0366,24.8945,,42.0394,15.2607,3.76901,10.9788,,3.0865,4.07153,55.07206705,100.0
436,JAM,2019,Jamaica,41.0366,24.8945,,42.0394,15.2607,3.76901,10.9788,,3.0865,4.07153,55.07206705,100.0
437,JAM,2020,Jamaica,41.0366,24.8945,,42.0394,15.2607,3.76901,10.9788,,3.0865,4.07153,55.07206705,100.0
438,JAM,2021,Jamaica,48.3809,15.8185,,37.9446,9.05964,3.76901,10.9788,,3.0865,4.07153,82.36071561,100.0
439,JAM,2022,Jamaica,48.3809,15.8185,,37.9446,9.05964,3.76901,10.9788,,3.0865,4.07153,82.36071561,100.0
440,KAZ,2013,,,,,,,,,,,,,
441,KAZ,2014,,,,,,,,,,,,,
442,KAZ,2015,Kazakhstan,0.0540572,7.12454,,4.41178,1.97131,,,,,3.48658,70.8299336,96.6
443,KAZ,2016,Kazakhstan,8.35158,3.07805,,80.8268,1.97131,,5.22714,,0.847995,0.11227,74.58772647,96.6
444,KAZ,2017,Kazakhstan,12.493,4.07221,,73.3437,1.97131,,5.45157,,2.07307,0.0292242,76.42674823,96.6
445,KAZ,2018,Kazakhstan,13.7801,3.75085,,71.7027,2.95127,,4.55951,,3.10819,0.149103,78.90391906,96.6
446,KAZ,2019,Kazakhstan,14.9947,3.33212,,72.2459,2.12449,,4.21754,,3.08487,0.149103,81.87762047,98.0
447,KAZ,2020,Kazakhstan,12.3781,2.05471,,79.4252,0.754548,,3.58921,,1.79946,0.149103,85.94259898,98.0
448,KAZ,2021,Kazakhstan,15.0747,3.03999,,73.7125,1.16298,,3.03089,,3.58123,0.149103,90.9239507,98.2
449,KAZ,2022,Kazakhstan,22.1006,4.98086,,60.5293,5.7027,,1.37957,,5.19175,0.149103,92.29685266,99.0
450,KEN,2013,,,,,,,,,,,,,
451,KEN,2014,,,,,,,,,,,,,
452,KEN,2015,Kenya,8.23837,3.72412,0.149251,50.4486,2.3254,0.228278,3.21347,,30.5518,,16.58785485,92.0
453,KEN,2016,Kenya,8.23837,3.72412,0.149251,50.4486,2.3254,0.228278,3.21347,,30.5518,,16.58785485,92.0
454,KEN,2017,Kenya,8.23837,3.72412,0.149251,50.4486,2.3254,0.228278,3.21347,,30.5518,,16.58785485,92.0
455,KEN,2018,Kenya,8.23837,3.72412,0.149251,50.4486,2.3254,0.228278,3.21347,,30.5518,,16.58785485,92.0
456,KEN,2019,Kenya,8.23837,3.72412,0.149251,50.4486,2.3254,0.228278,3.21347,,30.5518,,16.58785485,92.0
457,KEN,2020,Kenya,8.23837,3.72412,0.149251,50.4486,2.3254,0.228278,3.21347,,30.5518,,16.58785485,92.0
458,KEN,2021,Kenya,8.23837,3.72412,0.149251,50.4486,2.3254,0.228278,3.21347,,30.5518,,16.58785485,92.0
459,KEN,2022,Kenya,8.23837,3.72412,0.149251,50.4486,2.3254,0.228278,3.21347,,30.5518,,16.58785485,92.0
460,KOR,2013,Korea (Rep. of),0.411198,,0.0119903,1.70025,0.006679,,,,,0.00311979,84.77,99.9
461,KOR,2014,Korea (Rep. of),22.9861,,0.0119903,89.0008,0.456156,,,,,1.34418,87.55682649,99.9
462,KOR,2015,Korea (Rep. of),19.9853,,0.0119903,89.465,0.456156,,,,0.145478,1.2045,89.8962558,99.9
463,KOR,2016,Korea (Rep. of),19.703,,0.0119903,91.8979,1.11048,,,,0.145478,0.179088,92.84302568,99.9
464,KOR,2017,Korea (Rep. of),21.7795,,0.742426,80.4498,1.11048,,,,0.145478,0.373281,95.06942188,99.9
465,KOR,2018,Korea (Rep. of),41.5314,,5.59334,77.0348,1.16136,,,,0.145478,4.84821,96.02285958,99.9
466,KOR,2019,Korea (Rep. of),30.2693,,5.59334,77.9704,1.16136,,,,0.145478,4.84821,96.15757918,99.9
467,KOR,2020,Korea (Rep. of),33.2706,,5.59334,89.0921,1.16136,,,,0.145478,4.84821,96.50506052,99.9
468,KOR,2021,Korea (Rep. of),11.335,,5.59334,92.6645,1.16136,,,,0.145478,4.84821,97.57132662,99.9
469,KOR,2022,Korea (Rep. of),20.734,,5.59334,80.7458,1.16136,,,,0.145478,4.84821,97.16855413,99.9
470,LSO,2013,,,,,,,,,,,,,
471,LSO,2014,,,,,,,,,,,,,
472,LSO,2015,,,,,,,,,,,,,
473,LSO,2016,Lesotho,5.18739,19.1221,,13.4488,14.9048,,5.87859,,30.9901,,32.45385695,97.6
474,LSO,2017,Lesotho,5.18739,19.1221,,13.4488,14.9048,,5.87859,,30.9901,,32.45385695,97.6
475,LSO,2018,Lesotho,5.18739,19.1221,,13.4488,14.9048,,5.87859,,30.9901,,32.45385695,97.6
476,LSO,2019,Lesotho,5.18739,19.1221,,13.4488,14.9048,,5.87859,,30.9901,,32.45385695,97.6
477,LSO,2020,Lesotho,5.18739,19.1221,,13.4488,14.9048,,5.87859,,30.9901,,32.45385695,97.6
478,LSO,2021,Lesotho,5.18739,19.1221,,13.4488,14.9048,,5.87859,,30.9901,,32.45385695,97.6
479,LSO,2022,Lesotho,5.18739,19.1221,,13.4488,14.9048,,5.87859,,30.9901,,32.45385695,97.6
480,LTU,2013,Lithuania,8.25,7.02112,,,,,,,,,68.4529,100.0
481,LTU,2014,Lithuania,8.25,7.02112,,,,,,,,,68.4529,100.0
482,LTU,2015,Lithuania,8.25,7.02112,,,,,,,,,68.4529,100.0
483,LTU,2016,Lithuania,27.4023,27.9867,,59.7972,7.99568,,0.808473,,45.2046,2.59702,74.37664556,100.0
484,LTU,2017,Lithuania,21.0726,23.7508,,62.2154,7.36394,,1.03399,,44.9755,1.4993,77.61525651,100.0
485,LTU,2018,Lithuania,21.0726,23.7508,,62.2154,7.36394,,1.03399,,44.9755,1.4993,77.61525651,100.0
486,LTU,2019,Lithuania,16.8697,17.7114,,66.3096,4.72356,,1.29864,,44.9646,1.94329,81.58186838,100.0
487,LTU,2020,Lithuania,16.8697,17.7114,,66.3096,4.72356,,1.29864,,44.9646,1.94329,81.58186838,100.0
488,LTU,2021,Lithuania,16.8697,17.7114,,66.3096,4.72356,,1.29864,,44.9646,1.94329,81.58186838,100.0
489,LTU,2022,Lithuania,16.8697,17.7114,,66.3096,4.72356,,1.29864,,44.9646,1.94329,81.58186838,100.0
490,LUX,2013,,,,,,,,,,,,,
491,LUX,2014,,,,,,,,,,,,,
492,LUX,2015,,,,,,,,,,,,,
493,LUX,2016,Luxembourg,5.64436,,,39.1442,19.4972,,,,16.7,5.14486,98.13669867,99.0
494,LUX,2017,Luxembourg,7.68683,4.48399,,69.4306,18.1673,,7.68683,,26.4769,13.452,97.36296032,99.0
495,LUX,2018,Luxembourg,7.68683,4.48399,,69.4306,18.1673,,7.68683,,26.4769,13.452,97.36296032,99.0
496,LUX,2019,Luxembourg,7.68683,4.48399,,69.4306,18.1673,,7.68683,,26.4769,13.452,97.36296032,99.0
497,LUX,2020,Luxembourg,7.68683,4.48399,,69.4306,18.1673,,7.68683,,26.4769,13.452,97.36296032,99.0
498,LUX,2021,Luxembourg,7.68683,4.48399,,69.4306,18.1673,,7.68683,,26.4769,13.452,97.36296032,99.0
499,LUX,2022,Luxembourg,7.68683,4.48399,,69.4306,18.1673,,7.68683,,26.4769,13.452,97.36296032,99.0
500,LVA,2013,Latvia,11.128,6.45405,,,,,,,,,75.2344,98.8
501,LVA,2014,Latvia,11.128,6.45405,,,,,,,,,75.2344,98.8
502,LVA,2015,Latvia,11.128,6.45405,,,,,,,,,75.2344,98.8
503,LVA,2016,Latvia,15.6007,23.5733,,50.3634,11.8599,,,,,0.855991,79.84209778,99.0
504,LVA,2017,Latvia,18.044,27.5448,,48.4553,12.56,,1.32945,,,1.83171,80.114077,99.0
505,LVA,2018,Latvia,18.044,27.5448,,48.4553,12.56,,1.32945,,,1.83171,80.114077,99.0
506,LVA,2019,Latvia,18.7549,24.2866,,61.3491,13.1409,,1.63001,,4.04498,3.13539,86.13545644,99.0
507,LVA,2020,Latvia,18.7549,24.2866,,61.3491,13.1409,,1.63001,,4.04498,3.13539,86.13545644,99.0
508,LVA,2021,Latvia,18.7549,24.2866,,61.3491,13.1409,,1.63001,,4.04498,3.13539,86.13545644,99.0
509,LVA,2022,Latvia,18.7549,24.2866,,61.3491,13.1409,,1.63001,,4.04498,3.13539,86.13545644,99.0
510,MAC,2013,,,,,,,,,,,,,
511,MAC,2014,"Macao, China",4.7138,32.6599,,32.9966,,,,,,,69.78,99.9
512,MAC,2015,"Macao, China",4.16667,24.2424,,39.3939,,,,,53.0303,,77.60013186,99.9
513,MAC,2016,"Macao, China",4.62963,31.4815,,39.8148,,,,,55.0926,,81.64298546,99.9
514,MAC,2017,"Macao, China",3.52423,22.9075,,28.6344,,,,,60.3524,,83.17408907,99.9
515,MAC,2018,"Macao, China",2.10526,32.6316,,21.5789,,,,,60.5263,,83.79408961,99.9
516,MAC,2019,"Macao, China",2.10526,32.6316,,21.5789,,,,,60.5263,,83.79408961,99.9
517,MAC,2020,"Macao, China",2.10526,32.6316,,21.5789,,,,,60.5263,,83.79408961,99.9
518,MAC,2021,"Macao, China",0.490196,15.1961,,16.1765,,,,,28.9216,,88.46810492,99.9
519,MAC,2022,"Macao, China",0.490196,15.1961,,16.1765,,,,,28.9216,,88.46810492,99.9
520,MAR,2013,Morocco,22.548,26.4082,1.67285,33.3296,10.138,1.00419,3.16621,,,3.94956,56.0,99.0
521,MAR,2014,Morocco,35.8969,46.7403,5.57856,46.2434,17.3304,3.70861,3.17329,,,8.27992,56.8,99.2
522,MAR,2015,Morocco,30.1,33.9,0.999997,28.4,7.1,0.499998,4.49999,,56.4,3.29998,57.07999935,99.2
523,MAR,2016,Morocco,26.2469,23.72,2.60255,67.7024,8.07151,0.774866,6.75295,,7.69387,2.79998,58.27123642,99.6
524,MAR,2017,Morocco,34.6756,34.3478,5.59356,70.0024,24.0801,14.3171,7.07438,1.41876,7.69387,6.38621,61.76221201,99.6
525,MAR,2018,Morocco,30.0,30.4,4.89999,51.6,15.1,4.70001,7.07438,1.39999,7.69387,5.49997,64.80386519,99.7
526,MAR,2019,Morocco,30.0,30.4,4.89999,51.6,15.1,4.70001,7.07438,1.39999,7.69387,5.49997,64.80386519,99.7
527,MAR,2020,Morocco,30.0,30.4,4.89999,51.6,15.1,4.70001,7.07438,1.39999,7.69387,5.49997,64.80386519,99.7
528,MAR,2021,Morocco,43.0997,37.8883,5.32266,69.7204,24.4837,2.61503,7.07438,1.39999,7.69387,7.62851,88.13031937,99.75
529,MAR,2022,Morocco,43.0997,37.8883,5.32266,69.7204,24.4837,2.61503,7.07438,1.39999,7.69387,7.62851,88.13031937,99.75
530,MEX,2013,Mexico,,40.0155,,14.0202,,,,,,,43.46,99.9
531,MEX,2014,Mexico,58.0296,40.0155,,25.7573,,,,,,,44.39,99.9
532,MEX,2015,Mexico,58.0614,40.0155,,24.6726,,1.39755,8.73084,,7.13759,,57.43104299,93.0
533,MEX,2016,Mexico,53.8657,40.0155,,19.2857,,0.586602,8.13041,,4.4971,,59.540446,93.0
534,MEX,2017,Mexico,55.6141,40.0155,,21.3705,,0.769122,7.61085,,4.4971,,53.03178861,93.0
535,MEX,2018,Mexico,57.2254,40.0155,,21.1718,,0.998893,7.22975,,4.4971,,56.6595668,92.68
536,MEX,2019,Mexico,56.6624,40.0155,,20.4976,,0.892761,8.21403,,2.40881,,69.63210927,95.83
537,MEX,2020,Mexico,63.6881,40.0155,,19.3557,,0.435062,4.34545,,1.99477,0.166776,71.49017499,96.02
538,MEX,2021,Mexico,59.7022,40.0155,,21.8645,,0.55808,4.86511,,1.12552,0.209792,75.62650476,96.57
539,MEX,2022,Mexico,57.2495,40.0155,,25.1635,,0.680242,3.87699,,1.25558,0.117009,75.62650476,96.39
540,MKD,2013,,,,,,,,,,,,,
541,MKD,2014,,,,,,,,,,,,,
542,MKD,2015,,,,,,,,,,,,,
543,MKD,2016,,,,,,,,,,,,,
544,MKD,2017,North Macedonia,23.784,22.911,,40.0499,2.76309,,,,10.3938,32.8456,74.51682418,99.7
545,MKD,2018,North Macedonia,23.784,22.911,,40.0499,2.76309,,,,10.3938,32.8456,74.51682418,99.7
546,MKD,2019,North Macedonia,23.784,22.911,,40.0499,2.76309,,,,10.3938,32.8456,74.51682418,99.7
547,MKD,2020,North Macedonia,23.784,22.911,,40.0499,2.76309,,,,10.3938,32.8456,74.51682418,99.7
548,MKD,2021,North Macedonia,23.784,22.911,,40.0499,2.76309,,,,10.3938,32.8456,74.51682418,99.7
549,MKD,2022,North Macedonia,23.784,22.911,,40.0499,2.76309,,,,10.3938,32.8456,74.51682418,99.7
550,MLT,2013,,,,,,,,,,,,,
551,MLT,2014,,,,,,,,,,,,,
552,MLT,2015,,,,,,,,,,,,,
553,MLT,2016,Malta,15.6389,11.8235,,50.6856,6.36219,,0.904153,,8.22018,4.24256,78.0751488,100.0
554,MLT,2017,Malta,13.2865,9.01429,,52.0584,5.04117,,2.37688,,10.3387,9.18518,81.01191108,100.0
555,MLT,2018,Malta,13.2865,9.01429,,52.0584,5.04117,,2.37688,,10.3387,9.18518,81.01191108,100.0
556,MLT,2019,Malta,21.4689,20.9678,,45.338,16.3416,,2.37688,,11.3197,15.5675,85.77859638,100.0
557,MLT,2020,Malta,21.4689,20.9678,,45.338,16.3416,,2.37688,,11.3197,15.5675,85.77859638,100.0
558,MLT,2021,Malta,21.4689,20.9678,,45.338,16.3416,,2.37688,,11.3197,15.5675,85.77859638,100.0
559,MLT,2022,Malta,21.4689,20.9678,,45.338,16.3416,,2.37688,,11.3197,15.5675,85.77859638,100.0
560,MNE,2013,,,,,,,,,,,,,
561,MNE,2014,,,,,,,,,,,,,
562,MNE,2015,Montenegro,23.7198,26.1947,,43.4858,7.30257,,5.548,,14.0959,1.03774,68.11978601,99.5
563,MNE,2016,Montenegro,30.953,31.1041,,53.1697,18.5324,,7.18685,,18.0618,18.5707,69.88164684,99.5
564,MNE,2017,Montenegro,40.8528,38.7751,,52.1944,18.1777,,5.65198,,8.15475,19.3302,71.27233254,99.5
565,MNE,2018,Montenegro,40.8528,38.7751,,52.1944,18.1777,,5.65198,,8.15475,19.3302,71.27233254,99.5
566,MNE,2019,Montenegro,40.8528,38.7751,,52.1944,18.1777,,5.65198,,8.15475,19.3302,71.27233254,99.5
567,MNE,2020,Montenegro,40.8528,38.7751,,52.1944,18.1777,,5.65198,,8.15475,19.3302,71.27233254,99.5
568,MNE,2021,Montenegro,40.8528,38.7751,,52.1944,18.1777,,5.65198,,8.15475,19.3302,71.27233254,99.5
569,MNE,2022,Montenegro,40.8528,38.7751,,52.1944,18.1777,,5.65198,,8.15475,19.3302,71.27233254,99.5
570,MUS,2013,,,,,,,,,,,,,
571,MUS,2014,Mauritius,39.4388,,3.27179,,8.74913,,,,,2.68258,44.80327537,99.0
572,MUS,2015,Mauritius,39.4388,,3.27179,,8.74913,,,,,2.68258,44.80327537,99.0
573,MUS,2016,Mauritius,39.4388,,3.27179,,8.74913,,,,,2.68258,44.80327537,99.0
574,MUS,2017,Mauritius,39.4388,,3.27179,,8.74913,,,,,2.68258,44.80327537,99.0
575,MUS,2018,Mauritius,22.1201,,0.93757,,4.53986,,,,,0.422591,58.5961697,99.0
576,MUS,2019,Mauritius,22.1201,,0.93757,,4.53986,,,,,0.422591,58.5961697,99.0
577,MUS,2020,Mauritius,27.1506,,0.668726,72.1176,3.55046,,,,,0.803213,64.88490358,99.0
578,MUS,2021,Mauritius,27.1506,,0.668726,72.1176,3.55046,,,,,0.803213,64.88490358,99.0
579,MUS,2022,Mauritius,27.1506,,0.668726,72.1176,3.55046,,,,,0.803213,64.88490358,99.0
580,MYS,2013,,,,,,,,,,,,,
581,MYS,2014,,,,,,,,,,,,,
582,MYS,2015,,,,,,,,,,,,,
583,MYS,2016,,,,,,,,,,,,,
584,MYS,2017,,,,,,,,,,,,,
585,MYS,2018,,,,,,,,,,,,,
586,MYS,2019,Malaysia,58.0437,59.4343,15.8466,77.3122,10.7311,18.9781,17.0944,,71.0205,30.2462,84.18714501,96.7
587,MYS,2020,Malaysia,46.1054,47.6948,16.646,65.806,24.383,20.4786,17.2728,,55.4077,22.9189,89.55501192,96.7
588,MYS,2021,Malaysia,39.7326,39.4703,14.515,66.8465,19.935,16.4061,11.6924,,62.4424,23.6328,96.7514278,98.5
589,MYS,2022,Malaysia,29.4146,30.0158,13.1412,50.527,8.14097,11.5446,10.7684,,47.2985,20.3122,97.3986404,98.6
590,NER,2013,,,,,,,,,,,,,
591,NER,2014,,,,,,,,,,,,,
592,NER,2015,,,,,,,,,,,,,
593,NER,2016,,,,,,,,,,,,,
594,NER,2017,,,,,,,,,,,,,
595,NER,2018,Niger,46.7489,37.3189,28.6154,47.2504,8.04792,24.7416,45.3638,19.0183,40.9388,18.9917,,
596,NER,2019,Niger,46.7489,37.3189,28.6154,47.2504,8.04792,24.7416,45.3638,19.0183,40.9388,18.9917,,
597,NER,2020,Niger,46.7489,37.3189,28.6154,47.2504,8.04792,24.7416,45.3638,19.0183,40.9388,18.9917,,
598,NER,2021,Niger,46.7489,37.3189,28.6154,47.2504,8.04792,24.7416,45.3638,19.0183,40.9388,18.9917,,
599,NER,2022,Niger,46.7489,37.3189,28.6154,47.2504,8.04792,24.7416,45.3638,19.0183,40.9388,18.9917,,
600,NLD,2013,Netherlands,1.2019,0.785805,,,,,,,,,93.9564,
601,NLD,2014,Netherlands,1.2019,0.785805,,,,,,,,,93.9564,
602,NLD,2015,Netherlands,1.2019,0.785805,,,,,,,,,93.9564,
603,NLD,2016,Netherlands,1.2019,0.785805,,,,,,,,,93.9564,
604,NLD,2017,Netherlands,1.2019,0.785805,,,,,,,,,93.9564,
605,NLD,2018,Netherlands,1.2019,0.785805,,,,,,,,,93.9564,
606,NLD,2019,Netherlands,1.2019,0.785805,,,,,,,,,93.9564,
607,NLD,2020,Netherlands,1.2019,0.785805,,,,,,,,,93.9564,
608,NLD,2021,Netherlands,1.2019,0.785805,,,,,,,,,93.9564,
609,NLD,2022,Netherlands,1.2019,0.785805,,,,,,,,,93.9564,
610,NOR,2013,,,,,,,,,,,,,
611,NOR,2014,,,,,,,,,,,,,
612,NOR,2015,,,,,,,,,,,,,
613,NOR,2016,,,,,,,,,,,,,
614,NOR,2017,Norway,20.0694,20.071,,52.4053,22.3004,,10.0355,,,,96.3576013,99.8
615,NOR,2018,Norway,20.0694,20.071,,52.4053,22.3004,,10.0355,,,,96.3576013,99.8
616,NOR,2019,Norway,20.0694,20.071,,52.4053,22.3004,,10.0355,,,,96.3576013,99.8
617,NOR,2020,Norway,20.0694,20.071,,52.4053,22.3004,,10.0355,,,,96.3576013,99.8
618,NOR,2021,Norway,20.0694,20.071,,52.4053,22.3004,,10.0355,,,,96.3576013,99.8
619,NOR,2022,Norway,20.0694,20.071,,52.4053,22.3004,,10.0355,,,,96.3576013,99.8
620,OMN,2013,Oman,4.91166,2.09438,0.14836,3.00111,0.5212,,6.44937,,,0.197036,66.45,98.0
621,OMN,2014,Oman,4.91166,2.09438,0.14836,3.00111,0.5212,,6.44937,,,0.197036,66.45,98.0
622,OMN,2015,Oman,4.91166,2.09438,0.14836,3.00111,0.5212,,6.44937,,,0.197036,66.45,98.0
623,OMN,2016,Oman,14.4866,3.00623,2.44957,0.709335,1.29031,11.5899,10.2509,0.452623,57.3116,0.586383,76.84539047,99.01
624,OMN,2017,Oman,14.4866,3.00623,2.44957,0.709335,1.29031,11.5899,10.2509,0.452623,57.3116,0.586383,76.84539047,99.01
625,OMN,2018,Oman,14.4866,3.00623,2.44957,0.709335,1.29031,11.5899,10.2509,0.452623,57.3116,0.586383,76.84539047,99.01
626,OMN,2019,Oman,14.4866,3.00623,2.44957,0.709335,1.29031,11.5899,10.2509,0.452623,57.3116,0.586383,76.84539047,99.01
627,OMN,2020,Oman,14.4866,3.00623,2.44957,0.709335,1.29031,11.5899,10.2509,0.452623,57.3116,0.586383,76.84539047,99.01
628,OMN,2021,Oman,14.4866,3.00623,2.44957,0.709335,1.29031,11.5899,10.2509,0.452623,57.3116,0.586383,76.84539047,99.01
629,OMN,2022,Oman,14.4866,3.00623,2.44957,0.709335,1.29031,11.5899,10.2509,0.452623,57.3116,0.586383,76.84539047,99.01
630,PAN,2013,,,,,,,,,,,,,
631,PAN,2014,,,,,,,,,,,,,
632,PAN,2015,Panama,17.0384,17.0384,,57.0197,11.9549,,12.3886,,,0.237026,51.20542499,96.0
633,PAN,2016,Panama,17.0384,17.0384,,57.0197,11.9549,,12.3886,,,0.237026,51.20542499,96.0
634,PAN,2017,Panama,17.0384,17.0384,,57.0197,11.9549,,12.3886,,,0.237026,51.20542499,96.0
635,PAN,2018,Panama,17.0384,17.0384,,57.0197,11.9549,,12.3886,,,0.237026,51.20542499,96.0
636,PAN,2019,Panama,17.0384,17.0384,,57.0197,11.9549,,12.3886,,,0.237026,51.20542499,96.0
637,PAN,2020,Panama,17.0384,17.0384,,57.0197,11.9549,,12.3886,,,0.237026,51.20542499,96.0
638,PAN,2021,Panama,17.0384,17.0384,,57.0197,11.9549,,12.3886,,,0.237026,51.20542499,96.0
639,PAN,2022,Panama,17.0384,17.0384,,57.0197,11.9549,,12.3886,,,0.237026,51.20542499,96.0
640,POL,2013,Poland,9.6917,6.105,,,,,,,,,62.8492,99.54
641,POL,2014,Poland,9.6917,6.105,,,,,,,,,62.8492,99.54
642,POL,2015,Poland,9.6917,6.105,,,,,,,,,62.8492,99.54
643,POL,2016,Poland,21.1354,27.8637,,70.1399,3.54667,,0.769486,,,3.89369,73.3007041,100.0
644,POL,2017,Poland,18.6658,26.8201,,67.4847,2.7022,1.83932,0.708065,,,3.61269,75.98536595,100.0
645,POL,2018,Poland,17.3111,22.4708,,65.3158,2.79004,1.83932,1.54216,,,4.05702,77.54173454,100.0
646,POL,2019,Poland,14.6273,21.5372,,67.2918,2.68303,1.83932,1.0079,,,4.29111,80.43590688,100.0
647,POL,2020,Poland,14.6273,21.5372,,67.2918,2.68303,1.83932,1.0079,,,4.29111,80.43590688,100.0
648,POL,2021,Poland,14.6273,21.5372,,67.2918,2.68303,1.83932,1.0079,,,4.29111,80.43590688,100.0
649,POL,2022,Poland,14.6273,21.5372,,67.2918,2.68303,1.83932,1.0079,,,4.29111,80.43590688,100.0
650,PRT,2013,Portugal,19.5491,18.3758,,,,,,,,,62.0956,99.0
651,PRT,2014,Portugal,19.5491,18.3758,,,,,,,,,62.0956,99.0
652,PRT,2015,Portugal,19.5491,18.3758,,,,,,,,,62.0956,99.0
653,PRT,2016,Portugal,19.5491,18.3758,,,,,,,,,62.0956,99.0
654,PRT,2017,Portugal,32.9602,34.8124,,46.2665,9.24651,,4.22398,,75.1251,16.5401,73.79121395,99.88
655,PRT,2018,Portugal,32.9602,34.8124,,46.2665,9.24651,,4.22398,,75.1251,16.5401,73.79121395,99.88
656,PRT,2019,Portugal,50.8796,50.9102,,47.8345,10.1847,,5.12527,,75.1251,21.4733,75.34637794,99.88
657,PRT,2020,Portugal,50.8796,50.9102,,47.8345,10.1847,,5.12527,,75.1251,21.4733,75.34637794,99.88
658,PRT,2021,Portugal,50.8796,50.9102,,47.8345,10.1847,,5.12527,,75.1251,21.4733,75.34637794,99.88
659,PRT,2022,Portugal,50.9094,49.6214,,41.0505,9.29132,,6.1086,,74.5236,22.4724,84.49690644,100.0
660,QAT,2013,,,,,,,,,,,,,
661,QAT,2014,,,,,,,,,,,,,
662,QAT,2015,Qatar,13.4663,9.73756,1.30626,43.1303,36.8009,10.3313,,,,,92.88482645,100.0
663,QAT,2016,Qatar,26.8025,19.5732,1.73044,29.1867,30.6864,7.47933,1.20169,,5.49894,0.49029,95.12466217,100.0
664,QAT,2017,Qatar,37.1286,27.1945,2.06786,18.3744,25.9453,5.27515,2.13538,,9.74848,0.877785,97.38884917,100.0
665,QAT,2018,Qatar,45.3778,33.2812,2.32867,9.75229,22.1693,3.50082,2.88349,,13.1515,1.17996,99.65284913,100.0
666,QAT,2019,Qatar,52.1776,35.5597,1.89722,3.04655,16.7098,3.50082,2.32149,,44.3854,0.77383,99.65280421,100.0
667,QAT,2020,Qatar,81.7945,55.399,3.01723,3.04655,20.3884,3.50082,3.89286,,76.2202,1.29762,99.65284913,100.0
668,QAT,2021,Qatar,81.7945,55.399,3.01723,3.04655,20.3884,3.50082,3.89286,,76.2202,1.29762,99.65284913,100.0
669,QAT,2022,Qatar,81.7945,55.399,3.01723,3.04655,20.3884,3.50082,3.89286,,76.2202,1.29762,99.65284913,100.0
670,ROU,2013,Romania,20.7882,12.2827,,,,,,,,,49.7645,99.9
671,ROU,2014,Romania,20.7882,12.2827,,,,,,,,,49.7645,99.9
672,ROU,2015,Romania,20.7882,12.2827,,,,,,,,,49.7645,99.9
673,ROU,2016,Romania,20.7882,12.2827,,,,,,,,,49.7645,99.9
674,ROU,2017,Romania,20.7882,12.2827,,,,,,,,,49.7645,99.9
675,ROU,2018,Romania,20.7882,12.2827,,,,,,,,,49.7645,99.9
676,ROU,2019,Romania,17.8416,17.3304,,39.5232,7.01686,,1.17258,,11.3644,1.32284,73.65747575,99.96
677,ROU,2020,Romania,17.8416,17.3304,,39.5232,7.01686,,1.17258,,11.3644,1.32284,73.65747575,99.96
678,ROU,2021,Romania,17.8416,17.3304,,39.5232,7.01686,,1.17258,,11.3644,1.32284,73.65747575,99.96
679,ROU,2022,Romania,17.8416,17.3304,,39.5232,7.01686,,1.17258,,11.3644,1.32284,73.65747575,99.96
680,RUS,2013,,,,,,,,,,,,,
681,RUS,2014,Russian Federation,,14.7731,,68.1568,7.86291,,7.59545,,,0.579805,70.52,
682,RUS,2015,Russian Federation,18.587,14.7731,,66.2563,8.18183,,7.71623,,9.45677,0.628705,70.09924123,89.0
683,RUS,2016,Russian Federation,17.0505,14.7731,,69.649,7.74278,,6.69458,,8.66926,0.543765,73.09143462,90.0
684,RUS,2017,Russian Federation,18.0786,14.7731,,70.261,7.26167,,6.18759,,10.4375,0.759585,76.00813853,91.0
685,RUS,2018,Russian Federation,19.9107,14.7731,,69.7823,6.18886,,7.15273,,8.02269,0.704232,80.86472187,91.0
686,RUS,2019,Russian Federation,20.8472,14.7731,,70.707,6.82537,,7.31918,,8.02269,0.866123,82.64216187,98.9
687,RUS,2020,Russian Federation,21.0211,14.7731,,70.8905,5.42924,,6.98986,,7.51348,1.24253,84.99466978,98.94
688,RUS,2021,Russian Federation,12.086,11.1055,,71.6452,3.93711,0.454262,4.74431,,7.98954,1.11877,88.21384578,99.4
689,RUS,2022,Russian Federation,10.3274,9.80449,,77.0661,3.1371,0.28013,4.89333,,7.3263,1.24965,90.41799163,99.2
690,SAU,2013,,,,,,,,,,,,,
691,SAU,2014,,,,,,,,,,,,,
692,SAU,2015,,,,,,,,,,,,,
693,SAU,2016,Saudi Arabia,9.47444,,,,,,8.42182,,13.6854,,74.87927469,99.42
694,SAU,2017,Saudi Arabia,30.3419,15.3845,4.70084,84.188,138.889,4.27341,2.99142,,13.6854,6.41027,94.17559961,99.42
695,SAU,2018,Saudi Arabia,42.016,20.7487,9.85535,51.8717,80.4014,17.6363,7.78058,,13.6854,22.3047,93.31000185,99.42
696,SAU,2019,Saudi Arabia,2.04033,35.2033,8.1613,42.8556,19.3875,5.61199,11.224,,13.6854,14.2845,95.7247356,99.99
697,SAU,2020,Saudi Arabia,2.04033,35.2033,8.1613,42.8556,19.3875,5.61199,11.224,,13.6854,14.2845,95.7247356,99.99
698,SAU,2021,Saudi Arabia,2.04033,35.2033,8.1613,42.8556,19.3875,5.61199,11.224,,13.6854,14.2845,95.7247356,99.99
699,SAU,2022,Saudi Arabia,2.04033,35.2033,8.1613,42.8556,19.3875,5.61199,11.224,,13.6854,14.2845,95.7247356,99.99
700,SGP,2013,Singapore,0.434227,0.681141,0.0170285,6.5049,0.928054,0.0510856,0.0,,,0.212857,80.90205685,99.0
701,SGP,2014,Singapore,1.22549,2.75735,0.0170285,44.9755,6.92402,0.0510856,0.0,,,0.212857,82.1,100.0
702,SGP,2015,Singapore,1.2987,4.93506,0.0170285,64.6104,5.45455,0.0510856,0.0,,23.5065,0.194805,83.2,100.0
703,SGP,2016,Singapore,1.2987,4.93506,0.0170285,64.6104,5.45455,0.0510856,0.0,,23.5065,0.194805,83.2,100.0
704,SGP,2017,Singapore,2.77551,5.22449,0.0170285,63.7551,8.65306,0.0510856,0.0,,19.3469,0.244898,84.45226789,100.0
705,SGP,2018,Singapore,2.77551,5.22449,0.0170285,63.7551,8.65306,0.0510856,0.0,,19.3469,0.244898,84.45226789,100.0
706,SGP,2019,Singapore,2.77551,5.22449,0.0170285,63.7551,8.65306,0.0510856,0.0,,19.3469,0.244898,84.45226789,100.0
707,SGP,2020,Singapore,2.77551,5.22449,0.0170285,63.7551,8.65306,0.0510856,0.0,,19.3469,0.244898,84.45226789,100.0
708,SGP,2021,Singapore,2.77551,14.5626,0.0170285,36.5798,8.65306,0.0510856,0.0,,19.3469,0.244898,96.92468156,100.0
709,SGP,2022,Singapore,7.94457,5.10029,0.0170285,39.4283,5.87293,0.0510856,0.0,,41.6539,0.244898,95.95386476,100.0
710,SRB,2013,,,,,,,,,,,,,
711,SRB,2014,,,,,,,,,,,,,
712,SRB,2015,,,,,,,,,,,,,
713,SRB,2016,Serbia,26.8758,28.4763,,59.0591,3.3248,,5.49614,,2.2134,1.67992,67.05684137,99.76
714,SRB,2017,Serbia,21.4964,23.8711,,68.4683,7.00762,,1.52662,,3.11688,0.659271,70.33083553,99.76
715,SRB,2018,Serbia,10.9599,12.6859,,52.2675,6.62647,,2.47484,,2.9757,0.142915,73.36070915,99.77
716,SRB,2019,Serbia,10.9599,12.6859,,52.2675,6.62647,,2.47484,,2.9757,0.142915,73.36070915,99.77
717,SRB,2020,Serbia,10.1952,18.5102,,76.6001,5.36483,,4.73773,,2.06144,0.142915,78.36804864,99.19
718,SRB,2021,Serbia,10.1952,18.5102,,76.6001,5.36483,,4.73773,,2.06144,0.142915,78.36804864,99.19
719,SRB,2022,Serbia,10.1952,18.5102,,76.6001,5.36483,,4.73773,,2.06144,0.142915,78.36804864,99.19
720,SVK,2013,Slovakia,6.52442,4.26178,,,,,,,,,77.8826,100.0
721,SVK,2014,Slovakia,6.52442,4.26178,,,,,,,,,77.8826,100.0
722,SVK,2015,Slovakia,6.52442,4.26178,,,,,,,,,77.8826,100.0
723,SVK,2016,Slovakia,6.52442,4.26178,,,,,,,,,77.8826,100.0
724,SVK,2017,Slovakia,6.52442,4.26178,,,,,,,,,77.8826,100.0
725,SVK,2018,Slovakia,6.52442,4.26178,,,,,,,,,77.8826,100.0
726,SVK,2019,Slovakia,16.9457,15.1211,,54.5426,8.89679,,1.04127,,5.0037,10.0232,82.8536605,100.0
727,SVK,2020,Slovakia,16.9457,15.1211,,54.5426,8.89679,,1.04127,,5.0037,10.0232,82.8536605,100.0
728,SVK,2021,Slovakia,16.9457,15.1211,,54.5426,8.89679,,1.04127,,5.0037,10.0232,82.8536605,100.0
729,SVK,2022,Slovakia,16.9457,15.1211,,54.5426,8.89679,,1.04127,,5.0037,10.0232,82.8536605,100.0
730,SVN,2013,Slovenia,13.0754,12.4082,,,,,,,,,72.6756,99.7
731,SVN,2014,Slovenia,13.0754,12.4082,,,,,,,,,72.6756,99.7
732,SVN,2015,Slovenia,13.0754,12.4082,,,,,,,,,72.6756,99.7
733,SVN,2016,Slovenia,18.0033,18.9688,,65.4362,6.59045,4.10131,,,13.0866,6.10225,75.49850426,99.7
734,SVN,2017,Slovenia,14.0759,10.7673,,64.7607,4.42831,3.94969,,,20.0072,3.00514,78.88542636,99.8
735,SVN,2018,Slovenia,7.66195,9.74637,,100.0,6.00382,3.94969,,,32.3663,3.15781,79.7499766,99.8
736,SVN,2019,Slovenia,18.8254,14.8419,,51.8149,4.88752,3.94969,,,31.3583,5.52938,83.1083578,99.84
737,SVN,2020,Slovenia,11.8514,15.7216,,59.5739,7.51578,3.94969,3.63887,,17.293,4.4533,86.60130109,99.92
738,SVN,2021,Slovenia,11.8514,15.7216,,59.5739,7.51578,3.94969,3.63887,,17.293,4.4533,86.60130109,99.92
739,SVN,2022,Slovenia,11.8514,15.7216,,59.5739,7.51578,3.94969,3.63887,,17.293,4.4533,86.60130109,99.92
740,SWE,2013,Sweden,2.12651,,,,,,,,,,94.7836,
741,SWE,2014,Sweden,2.12651,,,,,,,,,,94.7836,
742,SWE,2015,Sweden,2.12651,,,,,,,,,,94.7836,
743,SWE,2016,Sweden,2.12651,,,,,,,,,,94.7836,
744,SWE,2017,Sweden,2.12651,,,,,,,,,,94.7836,
745,SWE,2018,Sweden,2.12651,,,,,,,,,,94.7836,
746,SWE,2019,Sweden,2.12651,,,,,,,,,,94.7836,
747,SWE,2020,Sweden,2.12651,,,,,,,,,,94.7836,
748,SWE,2021,Sweden,2.12651,,,,,,,,,,94.7836,
749,SWE,2022,Sweden,2.12651,,,,,,,,,,94.7836,
750,THA,2013,,,,,,,,,,,,,
751,THA,2014,,,,,,,,,,,,,
752,THA,2015,Thailand,5.77277,5.77277,,62.282,7.57327,,0.819794,,,0.323579,39.31612674,97.0
753,THA,2016,Thailand,5.77277,5.47452,,61.8732,5.72962,0.10395,0.545164,,,0.494302,47.50496562,98.0
754,THA,2017,Thailand,5.77277,5.82475,,59.3268,4.26281,0.129595,0.506282,,33.3161,0.548524,52.89192934,98.0
755,THA,2018,Thailand,5.77277,5.58229,,60.8527,3.07772,0.118461,0.305197,,33.3161,0.569042,56.81748093,98.0
756,THA,2019,Thailand,6.21777,2.36898,,58.635,2.82219,0.106162,8.90092,,33.3161,0.288309,66.65241946,98.0
757,THA,2020,Thailand,4.92971,2.67256,,54.3737,1.6504,0.0320937,6.50745,,33.3161,0.125044,77.84374066,98.8
758,THA,2021,Thailand,1.83157,1.5573,,90.2045,2.66023,0.0320937,2.08709,,1.65928,0.125044,85.26956666,98.8
759,THA,2022,Thailand,1.83157,1.5573,,90.2045,2.66023,0.0320937,2.08709,,1.65928,0.125044,85.26956666,98.8
760,TUR,2013,T眉rkiye,13.0529,10.9895,,17.5544,4.9305,,0.822375,,,0.617495,46.25,98.0
761,TUR,2014,T眉rkiye,13.0529,10.9895,,17.5544,4.9305,,0.822375,,,0.617495,46.25,98.0
762,TUR,2015,T眉rkiye,13.0529,10.9895,,17.5544,4.9305,,0.822375,,,0.617495,46.25,98.0
763,TUR,2016,T眉rkiye,28.2277,27.4277,,58.2398,29.0645,,4.21914,,0.676195,4.18937,58.34773401,99.67
764,TUR,2017,T眉rkiye,25.9669,24.3155,,58.4375,8.41757,,5.5164,,0.852769,7.73134,64.68461768,99.84
765,TUR,2018,T眉rkiye,25.9669,24.3155,,58.4375,8.41757,,5.5164,,0.852769,7.73134,64.68461768,99.84
766,TUR,2019,T眉rkiye,25.9669,24.3155,,58.4375,8.41757,,5.5164,,0.852769,7.73134,64.68461768,99.84
767,TUR,2020,T眉rkiye,25.9669,24.3155,,58.4375,8.41757,,5.5164,,0.852769,7.73134,64.68461768,99.84
768,TUR,2021,T眉rkiye,25.9669,24.3155,,58.4375,8.41757,,5.5164,,0.852769,7.73134,64.68461768,99.84
769,TUR,2022,T眉rkiye,25.9669,24.3155,,58.4375,8.41757,,5.5164,,0.852769,7.73134,64.68461768,99.84
770,UKR,2013,,,,,,,,,,,,,
771,UKR,2014,,,,,,,,,,,,,
772,UKR,2015,,,,,,,,,,,,,
773,UKR,2016,,,,,,,,,,,,,
774,UKR,2017,,,,,,,,,,,,,
775,UKR,2018,,,,,,,,,,,,,
776,UKR,2019,,,,,,,,,,,,,
777,UKR,2020,Ukraine,20.068,25.9538,1.47056,81.1744,1.47134,0.0670509,,,,0.665847,75.03790912,99.9
778,UKR,2021,Ukraine,25.4979,25.9712,0.761881,78.4977,0.588143,0.147272,,,,0.806632,79.21829353,99.9
779,UKR,2022,Ukraine,25.4979,25.9712,0.761881,78.4977,0.588143,0.147272,,,,0.806632,79.21829353,99.9
780,UZB,2013,,,,,,,,,,,,,
781,UZB,2014,,,,,,,,,,,,,
782,UZB,2015,,,,,,,,,,,,,
783,UZB,2016,,,,,,,,,,,,,
784,UZB,2017,,,,,,,,,,,,,
785,UZB,2018,Uzbekistan,5.97423,20.7059,0.510221,74.4789,4.50954,1.00917,,,2.24486,0.194422,55.20000067,98.6
786,UZB,2019,Uzbekistan,5.97423,20.7059,0.510221,74.4789,4.50954,1.00917,,,2.24486,0.194422,55.20000067,98.6
787,UZB,2020,Uzbekistan,9.61625,32.2609,0.15513,63.1257,3.41218,0.15513,3.41218,,6.97949,0.15513,71.09999824,99.3
788,UZB,2021,Uzbekistan,9.29296,16.1616,2.2223,42.8283,3.63649,4.84836,2.62635,,3.83851,3.03041,76.59043014,99.4
789,UZB,2022,Uzbekistan,10.2914,17.8981,2.46098,47.4302,4.02695,5.36947,2.90849,,7.15919,3.356,76.59043014,99.5
790,WBG,2013,,,,,,,,,,,,,
791,WBG,2014,State of Palestine,11.6003,43.7543,,25.2904,19.3201,13.2416,4.5415,,,3.40727,,
792,WBG,2015,State of Palestine,11.6003,43.7543,,25.2904,19.3201,13.2416,4.5415,,,3.40727,,
793,WBG,2016,State of Palestine,11.6003,43.7543,,25.2904,19.3201,13.2416,4.5415,,,3.40727,,
794,WBG,2017,State of Palestine,11.6003,43.7543,,25.2904,19.3201,13.2416,4.5415,,,3.40727,,
795,WBG,2018,State of Palestine,11.6003,43.7543,,25.2904,19.3201,13.2416,4.5415,,,3.40727,,
796,WBG,2019,State of Palestine,59.0719,57.9494,12.4605,62.5794,6.28406,9.98119,2.07549,0.880694,32.797,12.9825,,97.0
797,WBG,2020,State of Palestine,59.0719,57.9494,12.4605,62.5794,6.28406,9.98119,2.07549,0.880694,32.797,12.9825,,97.0
798,WBG,2021,State of Palestine,59.0719,57.9494,12.4605,62.5794,6.28406,9.98119,2.07549,0.880694,32.797,12.9825,,97.0
799,WBG,2022,State of Palestine,59.0719,57.9494,12.4605,62.5794,6.28406,9.98119,2.07549,0.880694,32.797,12.9825,,97.0
800,ZAF,2013,South Africa,,10.5905,0.108734,22.3294,2.28051,,,,,,46.5,99.79
801,ZAF,2014,South Africa,,20.3825,0.322809,33.2605,2.73899,,,,,,49.0,99.9
802,ZAF,2015,South Africa,,20.3825,0.322809,22.0087,2.73899,,0.349318,,,,51.91911572,99.9
803,ZAF,2016,South Africa,,26.8845,0.307997,42.1827,3.06347,,0.349318,,,,54.0,99.6
804,ZAF,2017,South Africa,,26.8845,0.307997,42.1827,3.06347,,0.349318,,,,54.0,99.6
805,ZAF,2018,South Africa,,26.8845,0.307997,42.1827,3.06347,,0.349318,,,,54.0,99.6
806,ZAF,2019,South Africa,,26.8845,0.307997,42.1827,3.06347,,0.349318,,,,54.0,99.6
807,ZAF,2020,South Africa,,26.8845,0.307997,42.1827,3.06347,,0.349318,,,,54.0,99.6
808,ZAF,2021,South Africa,,26.8845,0.307997,42.1827,3.06347,,0.349318,,,,54.0,99.6
809,ZAF,2022,South Africa,,26.8845,0.307997,42.1827,3.06347,,0.349318,,,,54.0,99.6
810,ZWE,2013,,,,,,,,,,,,,
811,ZWE,2014,Zimbabwe,45.4069,73.397,3.14927,24.9905,2.38016,3.40076,9.74315,,,3.74196,16.36473996,88.0
812,ZWE,2015,Zimbabwe,45.4069,73.397,3.14927,24.9905,2.38016,3.40076,9.74315,,,3.74196,16.36473996,88.0
813,ZWE,2016,Zimbabwe,45.4069,73.397,3.14927,24.9905,2.38016,3.40076,9.74315,,,3.74196,16.36473996,88.0
814,ZWE,2017,Zimbabwe,45.4069,73.397,3.14927,24.9905,2.38016,3.40076,9.74315,,,3.74196,16.36473996,88.0
815,ZWE,2018,Zimbabwe,45.4069,73.397,3.14927,24.9905,2.38016,3.40076,9.74315,,,3.74196,16.36473996,88.0
816,ZWE,2019,Zimbabwe,45.4069,73.397,3.14927,24.9905,2.38016,3.40076,9.74315,,,3.74196,16.36473996,88.0
817,ZWE,2020,Zimbabwe,43.9896,69.1452,2.39364,22.4577,2.49531,1.7192,9.68674,5.90886,8.82926,0.798747,29.29856532,93.44
818,ZWE,2021,Zimbabwe,43.9896,69.1452,2.39364,22.4577,2.49531,1.7192,9.68674,5.90886,8.82926,0.798747,29.29856532,93.44
819,ZWE,2022,Zimbabwe,43.9896,69.1452,2.39364,22.4577,2.49531,1.7192,9.68674,5.90886,8.82926,0.798747,29.29856532,93.44
